ID,Session,Condition,Period,Time,Max_Strength
Sub01,Session1,2.5-15,1st_45min,0,79
Sub01,Session1,2.5-15,1st_45min,9,73.2
Sub01,Session1,2.5-15,1st_45min,18,77.8
Sub01,Session1,2.5-15,1st_45min,27,72.2
Sub01,Session1,2.5-15,1st_45min,36,69.2
Sub01,Session1,2.5-15,1st_45min,45,74.6
Sub01,Session1,2.5-15,2nd_45min,60,65.6
Sub01,Session1,2.5-15,2nd_45min,69,65.8
Sub01,Session1,2.5-15,2nd_45min,78,74.2
Sub01,Session1,2.5-15,2nd_45min,87,64
Sub01,Session1,2.5-15,2nd_45min,96,68
Sub01,Session1,2.5-15,2nd_45min,105,68
Sub01,Session1,2.5-15,3rd_45min,120,64
Sub01,Session1,2.5-15,3rd_45min,129,70.2
Sub01,Session1,2.5-15,3rd_45min,138,66.4
Sub01,Session1,2.5-15,3rd_45min,147,69.2
Sub01,Session1,2.5-15,3rd_45min,156,66.4
Sub01,Session1,2.5-15,3rd_45min,165,74.2
Sub01,Session2,2.5-10,1st_45min,0,89.8
Sub01,Session2,2.5-10,1st_45min,9,90.6
Sub01,Session2,2.5-10,1st_45min,18,84.6
Sub01,Session2,2.5-10,1st_45min,27,83
Sub01,Session2,2.5-10,1st_45min,36,83.2
Sub01,Session2,2.5-10,1st_45min,45,81.6
Sub01,Session2,2.5-10,2nd_45min,60,82.6
Sub01,Session2,2.5-10,2nd_45min,69,87.2
Sub01,Session2,2.5-10,2nd_45min,78,80
Sub01,Session2,2.5-10,2nd_45min,87,80
Sub01,Session2,2.5-10,2nd_45min,96,78.8
Sub01,Session2,2.5-10,2nd_45min,105,77.4
Sub01,Session2,2.5-10,3rd_45min,120,72.6
Sub01,Session2,2.5-10,3rd_45min,129,77
Sub01,Session2,2.5-10,3rd_45min,138,82.8
Sub01,Session2,2.5-10,3rd_45min,147,77
Sub01,Session2,2.5-10,3rd_45min,156,78.6
Sub01,Session2,2.5-10,3rd_45min,165,78
Sub01,Session3,2.5-5,1st_45min,0,81.4
Sub01,Session3,2.5-5,1st_45min,9,85.4
Sub01,Session3,2.5-5,1st_45min,18,85
Sub01,Session3,2.5-5,1st_45min,27,79.2
Sub01,Session3,2.5-5,1st_45min,36,87.4
Sub01,Session3,2.5-5,1st_45min,45,78.4
Sub01,Session3,2.5-5,2nd_45min,60,72.6
Sub01,Session3,2.5-5,2nd_45min,69,82.2
Sub01,Session3,2.5-5,2nd_45min,78,78.4
Sub01,Session3,2.5-5,2nd_45min,87,78.2
Sub01,Session3,2.5-5,2nd_45min,96,78.2
Sub01,Session3,2.5-5,2nd_45min,105,77.8
Sub01,Session3,2.5-5,3rd_45min,120,77
Sub01,Session3,2.5-5,3rd_45min,129,82.2
Sub01,Session3,2.5-5,3rd_45min,138,76.8
Sub01,Session3,2.5-5,3rd_45min,147,74.4
Sub01,Session3,2.5-5,3rd_45min,156,86
Sub01,Session3,2.5-5,3rd_45min,165,78
Sub01,Session4,1.5-15,1st_45min,0,77.6
Sub01,Session4,1.5-15,1st_45min,9,71.2
Sub01,Session4,1.5-15,1st_45min,18,72.6
Sub01,Session4,1.5-15,1st_45min,27,78
Sub01,Session4,1.5-15,1st_45min,36,73.6
Sub01,Session4,1.5-15,1st_45min,45,74
Sub01,Session4,1.5-15,2nd_45min,60,76.8
Sub01,Session4,1.5-15,2nd_45min,69,76.8
Sub01,Session4,1.5-15,2nd_45min,78,74.2
Sub01,Session4,1.5-15,2nd_45min,87,78.2
Sub01,Session4,1.5-15,2nd_45min,96,81.8
Sub01,Session4,1.5-15,2nd_45min,105,72.8
Sub01,Session4,1.5-15,3rd_45min,120,77.4
Sub01,Session4,1.5-15,3rd_45min,129,85.8
Sub01,Session4,1.5-15,3rd_45min,138,81.6
Sub01,Session4,1.5-15,3rd_45min,147,73.8
Sub01,Session4,1.5-15,3rd_45min,156,78.6
Sub01,Session4,1.5-15,3rd_45min,165,80
Sub02,Session1,2.5-15,1st_45min,0,79
Sub02,Session1,2.5-15,1st_45min,9,84.4
Sub02,Session1,2.5-15,1st_45min,18,79.6
Sub02,Session1,2.5-15,1st_45min,27,77.6
Sub02,Session1,2.5-15,1st_45min,36,81.2
Sub02,Session1,2.5-15,1st_45min,45,81.4
Sub02,Session1,2.5-15,2nd_45min,60,90
Sub02,Session1,2.5-15,2nd_45min,69,78.8
Sub02,Session1,2.5-15,2nd_45min,78,76.6
Sub02,Session1,2.5-15,2nd_45min,87,70.4
Sub02,Session1,2.5-15,2nd_45min,96,79
Sub02,Session1,2.5-15,2nd_45min,105,78
Sub02,Session1,2.5-15,3rd_45min,120,80.2
Sub02,Session1,2.5-15,3rd_45min,129,75.4
Sub02,Session1,2.5-15,3rd_45min,138,77
Sub02,Session1,2.5-15,3rd_45min,147,81.6
Sub02,Session1,2.5-15,3rd_45min,156,79
Sub02,Session1,2.5-15,3rd_45min,165,86.8
Sub02,Session2,2.5-5,1st_45min,0,97
Sub02,Session2,2.5-5,1st_45min,9,82.8
Sub02,Session2,2.5-5,1st_45min,18,84.2
Sub02,Session2,2.5-5,1st_45min,27,85.4
Sub02,Session2,2.5-5,1st_45min,36,86.6
Sub02,Session2,2.5-5,1st_45min,45,80.4
Sub02,Session2,2.5-5,2nd_45min,60,90.6
Sub02,Session2,2.5-5,2nd_45min,69,81.8
Sub02,Session2,2.5-5,2nd_45min,78,82.8
Sub02,Session2,2.5-5,2nd_45min,87,81.8
Sub02,Session2,2.5-5,2nd_45min,96,92.2
Sub02,Session2,2.5-5,2nd_45min,105,78.6
Sub02,Session2,2.5-5,3rd_45min,120,92.8
Sub02,Session2,2.5-5,3rd_45min,129,82.4
Sub02,Session2,2.5-5,3rd_45min,138,86.6
Sub02,Session2,2.5-5,3rd_45min,147,78.2
Sub02,Session2,2.5-5,3rd_45min,156,75.2
Sub02,Session2,2.5-5,3rd_45min,165,72.6
Sub02,Session3,1.5-15,1st_45min,0,108.8
Sub02,Session3,1.5-15,1st_45min,9,98.4
Sub02,Session3,1.5-15,1st_45min,18,91.6
Sub02,Session3,1.5-15,1st_45min,27,93.2
Sub02,Session3,1.5-15,1st_45min,36,88.2
Sub02,Session3,1.5-15,1st_45min,45,88.8
Sub02,Session3,1.5-15,2nd_45min,60,88.8
Sub02,Session3,1.5-15,2nd_45min,69,80.2
Sub02,Session3,1.5-15,2nd_45min,78,86.6
Sub02,Session3,1.5-15,2nd_45min,87,76
Sub02,Session3,1.5-15,2nd_45min,96,89.8
Sub02,Session3,1.5-15,2nd_45min,105,86
Sub02,Session3,1.5-15,3rd_45min,120,80.6
Sub02,Session3,1.5-15,3rd_45min,129,80.2
Sub02,Session3,1.5-15,3rd_45min,138,86
Sub02,Session3,1.5-15,3rd_45min,147,83.8
Sub02,Session3,1.5-15,3rd_45min,156,84.2
Sub02,Session3,1.5-15,3rd_45min,165,68.6
Sub02,Session4,2.5-10,1st_45min,0,85.2
Sub02,Session4,2.5-10,1st_45min,9,79.6
Sub02,Session4,2.5-10,1st_45min,18,82.6
Sub02,Session4,2.5-10,1st_45min,27,89.2
Sub02,Session4,2.5-10,1st_45min,36,69.8
Sub02,Session4,2.5-10,1st_45min,45,78.8
Sub02,Session4,2.5-10,2nd_45min,60,88.6
Sub02,Session4,2.5-10,2nd_45min,69,78.2
Sub02,Session4,2.5-10,2nd_45min,78,82
Sub02,Session4,2.5-10,2nd_45min,87,94
Sub02,Session4,2.5-10,2nd_45min,96,88
Sub02,Session4,2.5-10,2nd_45min,105,78.8
Sub02,Session4,2.5-10,3rd_45min,120,91
Sub02,Session4,2.5-10,3rd_45min,129,72.8
Sub02,Session4,2.5-10,3rd_45min,138,75.2
Sub02,Session4,2.5-10,3rd_45min,147,73.4
Sub02,Session4,2.5-10,3rd_45min,156,76
Sub02,Session4,2.5-10,3rd_45min,165,68.6
Sub03,Session1,2.5-15,1st_45min,0,41
Sub03,Session1,2.5-15,1st_45min,9,31
Sub03,Session1,2.5-15,1st_45min,18,20.4
Sub03,Session1,2.5-15,1st_45min,20,23.4
Sub03,Session1,2.5-15,2nd_45min,35,34.2
Sub03,Session1,2.5-15,2nd_45min,44,20.2
Sub03,Session1,2.5-15,2nd_45min,53,20.4
Sub03,Session1,2.5-15,2nd_45min,55,18
Sub03,Session1,2.5-15,3rd_45min,70,33.4
Sub03,Session1,2.5-15,3rd_45min,75,23.8
Sub03,Session2,1.5-15,1st_45min,0,43.6
Sub03,Session2,1.5-15,1st_45min,9,32.2
Sub03,Session2,1.5-15,1st_45min,18,28.2
Sub03,Session2,1.5-15,1st_45min,27,25.6
Sub03,Session2,1.5-15,1st_45min,36,28
Sub03,Session2,1.5-15,1st_45min,45,29.6
Sub03,Session2,1.5-15,2nd_45min,60,46
Sub03,Session2,1.5-15,2nd_45min,69,35.4
Sub03,Session2,1.5-15,2nd_45min,78,31.6
Sub03,Session2,1.5-15,2nd_45min,87,40
Sub03,Session2,1.5-15,2nd_45min,96,38.2
Sub03,Session2,1.5-15,2nd_45min,105,34.4
Sub03,Session2,1.5-15,3rd_45min,120,45
Sub03,Session2,1.5-15,3rd_45min,129,29
Sub03,Session2,1.5-15,3rd_45min,138,33.6
Sub03,Session2,1.5-15,3rd_45min,147,35.6
Sub03,Session2,1.5-15,3rd_45min,156,28
Sub03,Session2,1.5-15,3rd_45min,165,34.8
Sub03,Session3,2.5-10,1st_45min,0,43.6
Sub03,Session3,2.5-10,1st_45min,9,36.4
Sub03,Session3,2.5-10,1st_45min,18,41.4
Sub03,Session3,2.5-10,1st_45min,27,38.8
Sub03,Session3,2.5-10,1st_45min,36,35.4
Sub03,Session3,2.5-10,1st_45min,45,40.4
Sub03,Session3,2.5-10,2nd_45min,60,43.2
Sub03,Session3,2.5-10,2nd_45min,69,39.8
Sub03,Session3,2.5-10,2nd_45min,78,33.6
Sub03,Session3,2.5-10,2nd_45min,87,39.2
Sub03,Session3,2.5-10,2nd_45min,96,34.6
Sub03,Session3,2.5-10,2nd_45min,105,29.8
Sub03,Session3,2.5-10,3rd_45min,120,42.8
Sub03,Session3,2.5-10,3rd_45min,129,31.2
Sub03,Session3,2.5-10,3rd_45min,138,30
Sub03,Session3,2.5-10,3rd_45min,140,29.4
Sub03,Session4,2.5-5,1st_45min,0,56.2
Sub03,Session4,2.5-5,1st_45min,9,52.4
Sub03,Session4,2.5-5,1st_45min,18,49.2
Sub03,Session4,2.5-5,1st_45min,27,44
Sub03,Session4,2.5-5,1st_45min,36,44
Sub03,Session4,2.5-5,1st_45min,45,45.2
Sub03,Session4,2.5-5,2nd_45min,60,54.2
Sub03,Session4,2.5-5,2nd_45min,69,47.6
Sub03,Session4,2.5-5,2nd_45min,78,40.8
Sub03,Session4,2.5-5,2nd_45min,87,41
Sub03,Session4,2.5-5,2nd_45min,96,45
Sub03,Session4,2.5-5,2nd_45min,105,43.4
Sub03,Session4,2.5-5,3rd_45min,120,48.4
Sub03,Session4,2.5-5,3rd_45min,129,43.8
Sub03,Session4,2.5-5,3rd_45min,138,48.2
Sub03,Session4,2.5-5,3rd_45min,147,43.4
Sub03,Session4,2.5-5,3rd_45min,156,37.6
Sub03,Session4,2.5-5,3rd_45min,165,42.2
Sub04,Session1,2.5-15,1st_45min,0,102.2
Sub04,Session1,2.5-15,1st_45min,9,80.8
Sub04,Session1,2.5-15,1st_45min,18,82.6
Sub04,Session1,2.5-15,1st_45min,27,82
Sub04,Session1,2.5-15,1st_45min,36,81.4
Sub04,Session1,2.5-15,1st_45min,45,73.2
Sub04,Session1,2.5-15,2nd_45min,60,87.4
Sub04,Session1,2.5-15,2nd_45min,69,85.4
Sub04,Session1,2.5-15,2nd_45min,78,86.2
Sub04,Session1,2.5-15,2nd_45min,87,81.8
Sub04,Session1,2.5-15,2nd_45min,96,86.8
Sub04,Session1,2.5-15,2nd_45min,105,79.6
Sub04,Session1,2.5-15,3rd_45min,120,84.6
Sub04,Session1,2.5-15,3rd_45min,129,81.4
Sub04,Session1,2.5-15,3rd_45min,138,92.6
Sub04,Session1,2.5-15,3rd_45min,147,87.6
Sub04,Session1,2.5-15,3rd_45min,156,81.2
Sub04,Session1,2.5-15,3rd_45min,165,79.4
Sub04,Session2,2.5-5,1st_45min,0,107.4
Sub04,Session2,2.5-5,1st_45min,9,90.6
Sub04,Session2,2.5-5,1st_45min,18,87.8
Sub04,Session2,2.5-5,1st_45min,27,89
Sub04,Session2,2.5-5,1st_45min,36,83.8
Sub04,Session2,2.5-5,1st_45min,45,80.8
Sub04,Session2,2.5-5,2nd_45min,60,84.2
Sub04,Session2,2.5-5,2nd_45min,69,88.4
Sub04,Session2,2.5-5,2nd_45min,78,85.4
Sub04,Session2,2.5-5,2nd_45min,87,87.6
Sub04,Session2,2.5-5,2nd_45min,96,81.2
Sub04,Session2,2.5-5,2nd_45min,105,83.6
Sub04,Session2,2.5-5,3rd_45min,120,76
Sub04,Session2,2.5-5,3rd_45min,129,86.8
Sub04,Session2,2.5-5,3rd_45min,138,64
Sub04,Session2,2.5-5,3rd_45min,147,81
Sub04,Session2,2.5-5,3rd_45min,156,77.8
Sub04,Session2,2.5-5,3rd_45min,165,78
Sub04,Session3,1.5-15,1st_45min,0,93.4
Sub04,Session3,1.5-15,1st_45min,9,93.8
Sub04,Session3,1.5-15,1st_45min,18,90.2
Sub04,Session3,1.5-15,1st_45min,27,90.2
Sub04,Session3,1.5-15,1st_45min,36,81.6
Sub04,Session3,1.5-15,1st_45min,45,85.8
Sub04,Session3,1.5-15,2nd_45min,60,80.6
Sub04,Session3,1.5-15,2nd_45min,69,89
Sub04,Session3,1.5-15,2nd_45min,78,83.6
Sub04,Session3,1.5-15,2nd_45min,87,75.4
Sub04,Session3,1.5-15,2nd_45min,96,78.4
Sub04,Session3,1.5-15,2nd_45min,105,91.8
Sub04,Session3,1.5-15,3rd_45min,120,86.4
Sub04,Session3,1.5-15,3rd_45min,129,86
Sub04,Session3,1.5-15,3rd_45min,138,81.4
Sub04,Session3,1.5-15,3rd_45min,147,85.8
Sub04,Session3,1.5-15,3rd_45min,156,84.8
Sub04,Session3,1.5-15,3rd_45min,165,84.8
Sub04,Session4,2.5-10,1st_45min,0,98.6
Sub04,Session4,2.5-10,1st_45min,9,89.6
Sub04,Session4,2.5-10,1st_45min,18,86.2
Sub04,Session4,2.5-10,1st_45min,27,84.6
Sub04,Session4,2.5-10,1st_45min,36,84.2
Sub04,Session4,2.5-10,1st_45min,45,84.6
Sub04,Session4,2.5-10,2nd_45min,60,85
Sub04,Session4,2.5-10,2nd_45min,69,88.4
Sub04,Session4,2.5-10,2nd_45min,78,87.6
Sub04,Session4,2.5-10,2nd_45min,87,83.2
Sub04,Session4,2.5-10,2nd_45min,96,76.2
Sub04,Session4,2.5-10,2nd_45min,105,75
Sub04,Session4,2.5-10,3rd_45min,120,74
Sub04,Session4,2.5-10,3rd_45min,129,77
Sub04,Session4,2.5-10,3rd_45min,138,76
Sub04,Session4,2.5-10,3rd_45min,147,75.2
Sub04,Session4,2.5-10,3rd_45min,156,66.2
Sub04,Session4,2.5-10,3rd_45min,165,71
Sub05,Session1,2.5-5,1st_45min,0,124.4
Sub05,Session1,2.5-5,1st_45min,9,117
Sub05,Session1,2.5-5,1st_45min,18,126.8
Sub05,Session1,2.5-5,1st_45min,27,116.2
Sub05,Session1,2.5-5,1st_45min,36,119.2
Sub05,Session1,2.5-5,1st_45min,45,117.4
Sub05,Session1,2.5-5,2nd_45min,60,113.4
Sub05,Session1,2.5-5,2nd_45min,69,119.8
Sub05,Session1,2.5-5,2nd_45min,78,109.8
Sub05,Session1,2.5-5,2nd_45min,87,116.2
Sub05,Session1,2.5-5,2nd_45min,96,113.2
Sub05,Session1,2.5-5,2nd_45min,105,112.8
Sub05,Session1,2.5-5,3rd_45min,120,107.2
Sub05,Session1,2.5-5,3rd_45min,129,117.2
Sub05,Session1,2.5-5,3rd_45min,138,124.4
Sub05,Session1,2.5-5,3rd_45min,147,116
Sub05,Session1,2.5-5,3rd_45min,156,121.4
Sub05,Session1,2.5-5,3rd_45min,165,119.8
Sub05,Session2,2.5-15,1st_45min,0,114.4
Sub05,Session2,2.5-15,1st_45min,9,103.4
Sub05,Session2,2.5-15,1st_45min,18,113
Sub05,Session2,2.5-15,1st_45min,27,121.6
Sub05,Session2,2.5-15,1st_45min,36,118.4
Sub05,Session2,2.5-15,1st_45min,45,123.2
Sub05,Session2,2.5-15,2nd_45min,60,128.2
Sub05,Session2,2.5-15,2nd_45min,69,121.6
Sub05,Session2,2.5-15,2nd_45min,78,114.2
Sub05,Session2,2.5-15,2nd_45min,87,124
Sub05,Session2,2.5-15,2nd_45min,96,127.2
Sub05,Session2,2.5-15,2nd_45min,105,119
Sub05,Session2,2.5-15,3rd_45min,120,123.6
Sub05,Session2,2.5-15,3rd_45min,129,112.6
Sub05,Session2,2.5-15,3rd_45min,138,122.8
Sub05,Session2,2.5-15,3rd_45min,147,122.2
Sub05,Session2,2.5-15,3rd_45min,156,119.4
Sub05,Session2,2.5-15,3rd_45min,165,120.4
Sub05,Session3,2.5-10,1st_45min,0,106.8
Sub05,Session3,2.5-10,1st_45min,9,121.4
Sub05,Session3,2.5-10,1st_45min,18,118.8
Sub05,Session3,2.5-10,1st_45min,27,114.2
Sub05,Session3,2.5-10,1st_45min,36,106.8
Sub05,Session3,2.5-10,1st_45min,45,106.4
Sub05,Session3,2.5-10,2nd_45min,60,124.4
Sub05,Session3,2.5-10,2nd_45min,69,117.4
Sub05,Session3,2.5-10,2nd_45min,78,115.6
Sub05,Session3,2.5-10,2nd_45min,87,118.4
Sub05,Session3,2.5-10,2nd_45min,96,109.4
Sub05,Session3,2.5-10,2nd_45min,105,107.2
Sub05,Session3,2.5-10,3rd_45min,120,129.2
Sub05,Session3,2.5-10,3rd_45min,129,123.6
Sub05,Session3,2.5-10,3rd_45min,138,117.8
Sub05,Session3,2.5-10,3rd_45min,147,124.8
Sub05,Session3,2.5-10,3rd_45min,156,111.8
Sub05,Session3,2.5-10,3rd_45min,165,121.8
Sub05,Session4,1.5-15,1st_45min,0,117
Sub05,Session4,1.5-15,1st_45min,9,127
Sub05,Session4,1.5-15,1st_45min,18,125.2
Sub05,Session4,1.5-15,1st_45min,27,110.2
Sub05,Session4,1.5-15,1st_45min,36,121.2
Sub05,Session4,1.5-15,1st_45min,45,108
Sub05,Session4,1.5-15,2nd_45min,60,111.2
Sub05,Session4,1.5-15,2nd_45min,69,131.6
Sub05,Session4,1.5-15,2nd_45min,78,125.6
Sub05,Session4,1.5-15,2nd_45min,87,128.2
Sub05,Session4,1.5-15,2nd_45min,96,121.8
Sub05,Session4,1.5-15,2nd_45min,105,128.4
Sub05,Session4,1.5-15,3rd_45min,120,134
Sub05,Session4,1.5-15,3rd_45min,129,121.4
Sub05,Session4,1.5-15,3rd_45min,138,109.2
Sub05,Session4,1.5-15,3rd_45min,147,119.8
Sub05,Session4,1.5-15,3rd_45min,156,110.8
Sub05,Session4,1.5-15,3rd_45min,165,120.2
Sub06,Session1,1.5-15,1st_45min,0,48.6
Sub06,Session1,1.5-15,1st_45min,9,48.8
Sub06,Session1,1.5-15,1st_45min,18,45.4
Sub06,Session1,1.5-15,1st_45min,27,40.8
Sub06,Session1,1.5-15,1st_45min,36,38
Sub06,Session1,1.5-15,1st_45min,45,37.2
Sub06,Session1,1.5-15,2nd_45min,60,45.6
Sub06,Session1,1.5-15,2nd_45min,69,37.8
Sub06,Session1,1.5-15,2nd_45min,78,33.2
Sub06,Session1,1.5-15,2nd_45min,87,32.6
Sub06,Session1,1.5-15,2nd_45min,96,28.6
Sub06,Session1,1.5-15,2nd_45min,105,34.2
Sub06,Session1,1.5-15,3rd_45min,120,37
Sub06,Session1,1.5-15,3rd_45min,129,25.4
Sub06,Session1,1.5-15,3rd_45min,138,34.8
Sub06,Session1,1.5-15,3rd_45min,145,23.2
Sub06,Session2,2.5-10,1st_45min,0,40.6
Sub06,Session2,2.5-10,1st_45min,9,38.6
Sub06,Session2,2.5-10,1st_45min,18,42
Sub06,Session2,2.5-10,1st_45min,27,35.2
Sub06,Session2,2.5-10,1st_45min,36,36.2
Sub06,Session2,2.5-10,2nd_45min,59,36.8
Sub06,Session2,2.5-10,2nd_45min,68,31.8
Sub06,Session2,2.5-10,2nd_45min,77,23.8
Sub06,Session2,2.5-10,3rd_45min,94,43
Sub06,Session2,2.5-10,3rd_45min,103,33.6
Sub06,Session3,2.5-15,1st_45min,0,45.8
Sub06,Session3,2.5-15,1st_45min,9,26.8
Sub06,Session3,2.5-15,1st_45min,14,34.2
Sub06,Session3,2.5-15,2nd_45min,30,34.8
Sub06,Session3,2.5-15,2nd_45min,39,24.8
Sub06,Session3,2.5-15,2nd_45min,40,21.6
Sub06,Session3,2.5-15,3rd_45min,57,41.6
Sub06,Session3,2.5-15,3rd_45min,66,23.2
Sub06,Session3,2.5-15,3rd_45min,72,19.2
Sub06,Session4,2.5-5,1st_45min,0,37
Sub06,Session4,2.5-5,1st_45min,9,36.8
Sub06,Session4,2.5-5,1st_45min,18,39.6
Sub06,Session4,2.5-5,1st_45min,27,36.4
Sub06,Session4,2.5-5,1st_45min,36,37.8
Sub06,Session4,2.5-5,1st_45min,45,32.8
Sub06,Session4,2.5-5,2nd_45min,60,41.6
Sub06,Session4,2.5-5,2nd_45min,69,31.6
Sub06,Session4,2.5-5,2nd_45min,78,40
Sub06,Session4,2.5-5,2nd_45min,87,30.2
Sub06,Session4,2.5-5,2nd_45min,96,35
Sub06,Session4,2.5-5,2nd_45min,103,20
Sub06,Session4,2.5-5,3rd_45min,118,38.6
Sub06,Session4,2.5-5,3rd_45min,127,32.2
Sub06,Session4,2.5-5,3rd_45min,136,28
Sub06,Session4,2.5-5,3rd_45min,145,29.6
Sub06,Session4,2.5-5,3rd_45min,154,22.6
Sub06,Session4,2.5-5,3rd_45min,157,17.8
Sub07,Session1,1.5-15,1st_45min,0,32.6
Sub07,Session1,1.5-15,1st_45min,9,29.6
Sub07,Session1,1.5-15,1st_45min,18,21.4
Sub07,Session1,1.5-15,1st_45min,27,23
Sub07,Session1,1.5-15,1st_45min,36,16
Sub07,Session1,1.5-15,1st_45min,45,13.4
Sub07,Session1,1.5-15,2nd_45min,60,24.2
Sub07,Session1,1.5-15,2nd_45min,69,26
Sub07,Session1,1.5-15,2nd_45min,78,22.2
Sub07,Session1,1.5-15,2nd_45min,87,28.6
Sub07,Session1,1.5-15,2nd_45min,96,25
Sub07,Session1,1.5-15,2nd_45min,105,28.8
Sub07,Session1,1.5-15,3rd_45min,120,26.8
Sub07,Session1,1.5-15,3rd_45min,129,33.8
Sub07,Session1,1.5-15,3rd_45min,138,30.2
Sub07,Session1,1.5-15,3rd_45min,147,27.8
Sub07,Session1,1.5-15,3rd_45min,156,35.4
Sub07,Session1,1.5-15,3rd_45min,165,28.8
Sub07,Session2,2.5-5,1st_45min,0,37.6
Sub07,Session2,2.5-5,1st_45min,9,30.4
Sub07,Session2,2.5-5,1st_45min,18,29.2
Sub07,Session2,2.5-5,1st_45min,27,34.6
Sub07,Session2,2.5-5,1st_45min,36,22.2
Sub07,Session2,2.5-5,2nd_45min,60,36.6
Sub07,Session2,2.5-5,2nd_45min,69,32.2
Sub07,Session2,2.5-5,2nd_45min,78,26
Sub07,Session2,2.5-5,2nd_45min,87,27
Sub07,Session2,2.5-5,2nd_45min,96,28.2
Sub07,Session2,2.5-5,2nd_45min,105,29.6
Sub07,Session2,2.5-5,3rd_45min,120,28.4
Sub07,Session2,2.5-5,3rd_45min,129,32
Sub07,Session2,2.5-5,3rd_45min,138,27.2
Sub07,Session2,2.5-5,3rd_45min,147,23.6
Sub07,Session2,2.5-5,3rd_45min,156,23.2
Sub07,Session2,2.5-5,3rd_45min,165,26.6
Sub07,Session3,2.5-15,1st_45min,0,28.8
Sub07,Session3,2.5-15,1st_45min,9,31.6
Sub07,Session3,2.5-15,1st_45min,18,16.8
Sub07,Session3,2.5-15,1st_45min,27,23.4
Sub07,Session3,2.5-15,1st_45min,36,21
Sub07,Session3,2.5-15,1st_45min,45,26.4
Sub07,Session3,2.5-15,2nd_45min,60,29.4
Sub07,Session3,2.5-15,2nd_45min,69,31
Sub07,Session3,2.5-15,2nd_45min,78,25.6
Sub07,Session3,2.5-15,2nd_45min,87,31.2
Sub07,Session3,2.5-15,2nd_45min,90,27.2
Sub07,Session3,2.5-15,3rd_45min,105,31
Sub07,Session3,2.5-15,3rd_45min,114,21.2
Sub07,Session3,2.5-15,3rd_45min,123,27.8
Sub07,Session3,2.5-15,3rd_45min,132,26.8
Sub07,Session3,2.5-15,3rd_45min,135,23.8
Sub07,Session4,2.5-10,1st_45min,0,30.8
Sub07,Session4,2.5-10,1st_45min,9,26.8
Sub07,Session4,2.5-10,1st_45min,18,33.4
Sub07,Session4,2.5-10,1st_45min,27,28
Sub07,Session4,2.5-10,1st_45min,35,30.2
Sub07,Session4,2.5-10,2nd_45min,50,25.6
Sub07,Session4,2.5-10,2nd_45min,59,27.6
Sub07,Session4,2.5-10,2nd_45min,68,27.4
Sub07,Session4,2.5-10,2nd_45min,77,37.4
Sub07,Session4,2.5-10,2nd_45min,85,35
Sub07,Session4,2.5-10,3rd_45min,100,35
Sub07,Session4,2.5-10,3rd_45min,109,35.6
Sub07,Session4,2.5-10,3rd_45min,118,42.4
Sub07,Session4,2.5-10,3rd_45min,120,26.2
Sub08,Session1,2.5-10,1st_45min,0,43.2
Sub08,Session1,2.5-10,1st_45min,9,36.4
Sub08,Session1,2.5-10,1st_45min,18,36
Sub08,Session1,2.5-10,1st_45min,27,34.6
Sub08,Session1,2.5-10,1st_45min,36,31.2
Sub08,Session1,2.5-10,1st_45min,45,31.2
Sub08,Session1,2.5-10,2nd_45min,60,31.4
Sub08,Session1,2.5-10,2nd_45min,69,30.6
Sub08,Session1,2.5-10,2nd_45min,78,28.2
Sub08,Session1,2.5-10,2nd_45min,87,26.2
Sub08,Session1,2.5-10,2nd_45min,96,19.8
Sub08,Session1,2.5-10,2nd_45min,105,26.2
Sub08,Session1,2.5-10,3rd_45min,120,18.6
Sub08,Session1,2.5-10,3rd_45min,129,18.6
Sub08,Session1,2.5-10,3rd_45min,130,17
Sub08,Session2,2.5-15,1st_45min,0,36.6
Sub08,Session2,2.5-15,1st_45min,9,30.2
Sub08,Session2,2.5-15,1st_45min,18,27.2
Sub08,Session2,2.5-15,1st_45min,27,28.2
Sub08,Session2,2.5-15,1st_45min,36,26.2
Sub08,Session2,2.5-15,1st_45min,45,26.6
Sub08,Session2,2.5-15,2nd_45min,60,33
Sub08,Session2,2.5-15,2nd_45min,69,28.8
Sub08,Session2,2.5-15,2nd_45min,78,27.6
Sub08,Session2,2.5-15,2nd_45min,87,25.6
Sub08,Session2,2.5-15,2nd_45min,96,25.4
Sub08,Session2,2.5-15,2nd_45min,105,26
Sub08,Session2,2.5-15,3rd_45min,120,35.6
Sub08,Session2,2.5-15,3rd_45min,123,25.2
Sub08,Session3,1.5-15,1st_45min,0,38.6
Sub08,Session3,1.5-15,1st_45min,9,32.6
Sub08,Session3,1.5-15,1st_45min,18,31.4
Sub08,Session3,1.5-15,1st_45min,27,30.8
Sub08,Session3,1.5-15,1st_45min,36,36.8
Sub08,Session3,1.5-15,1st_45min,45,31.4
Sub08,Session3,1.5-15,2nd_45min,60,37
Sub08,Session3,1.5-15,2nd_45min,69,33
Sub08,Session3,1.5-15,2nd_45min,78,35.6
Sub08,Session3,1.5-15,2nd_45min,87,34.6
Sub08,Session3,1.5-15,2nd_45min,96,31.2
Sub08,Session3,1.5-15,2nd_45min,105,31.6
Sub08,Session3,1.5-15,3rd_45min,120,33.8
Sub08,Session3,1.5-15,3rd_45min,129,30.8
Sub08,Session3,1.5-15,3rd_45min,138,32.6
Sub08,Session3,1.5-15,3rd_45min,147,35
Sub08,Session3,1.5-15,3rd_45min,156,33.8
Sub08,Session3,1.5-15,3rd_45min,165,34.2
Sub08,Session4,2.5-5,1st_45min,0,40.6
Sub08,Session4,2.5-5,1st_45min,9,41.8
Sub08,Session4,2.5-5,1st_45min,18,38
Sub08,Session4,2.5-5,1st_45min,27,37.2
Sub08,Session4,2.5-5,1st_45min,36,35
Sub08,Session4,2.5-5,1st_45min,45,37
Sub08,Session4,2.5-5,2nd_45min,60,45.2
Sub08,Session4,2.5-5,2nd_45min,69,38.4
Sub08,Session4,2.5-5,2nd_45min,78,34
Sub08,Session4,2.5-5,2nd_45min,87,33.4
Sub08,Session4,2.5-5,2nd_45min,96,33.4
Sub08,Session4,2.5-5,2nd_45min,105,37.6
Sub08,Session4,2.5-5,3rd_45min,120,35.6
Sub08,Session4,2.5-5,3rd_45min,129,32
Sub08,Session4,2.5-5,3rd_45min,138,34.6
Sub08,Session4,2.5-5,3rd_45min,147,29.8
Sub08,Session4,2.5-5,3rd_45min,156,30.8
Sub08,Session4,2.5-5,3rd_45min,165,26.8
Sub09,Session1,2.5-5,1st_45min,0,71.6
Sub09,Session1,2.5-5,1st_45min,9,65.2
Sub09,Session1,2.5-5,1st_45min,18,63.4
Sub09,Session1,2.5-5,1st_45min,27,53.2
Sub09,Session1,2.5-5,1st_45min,36,61
Sub09,Session1,2.5-5,1st_45min,45,69.8
Sub09,Session1,2.5-5,2nd_45min,60,64.2
Sub09,Session1,2.5-5,2nd_45min,69,67.4
Sub09,Session1,2.5-5,2nd_45min,78,83
Sub09,Session1,2.5-5,3rd_45min,100,75.8
Sub09,Session1,2.5-5,3rd_45min,109,58
Sub09,Session2,2.5-10,1st_45min,0,95.2
Sub09,Session2,2.5-10,1st_45min,9,85.4
Sub09,Session2,2.5-10,1st_45min,18,80
Sub09,Session2,2.5-10,1st_45min,27,87.2
Sub09,Session2,2.5-10,1st_45min,36,86
Sub09,Session2,2.5-10,1st_45min,45,75.2
Sub09,Session2,2.5-10,2nd_45min,60,78.2
Sub09,Session2,2.5-10,2nd_45min,69,77
Sub09,Session2,2.5-10,2nd_45min,78,62.8
Sub09,Session2,2.5-10,2nd_45min,87,86.2
Sub09,Session2,2.5-10,2nd_45min,96,67.6
Sub09,Session2,2.5-10,2nd_45min,105,70.8
Sub09,Session2,2.5-10,3rd_45min,120,52.2
Sub09,Session2,2.5-10,3rd_45min,129,59.4
Sub09,Session2,2.5-10,3rd_45min,138,58.8
Sub09,Session2,2.5-10,3rd_45min,147,58.6
Sub09,Session3,2.5-15,1st_45min,0,98.4
Sub09,Session3,2.5-15,1st_45min,9,92
Sub09,Session3,2.5-15,1st_45min,18,91.4
Sub09,Session3,2.5-15,1st_45min,27,85.4
Sub09,Session3,2.5-15,1st_45min,36,86.6
Sub09,Session3,2.5-15,1st_45min,45,80.4
Sub09,Session3,2.5-15,2nd_45min,60,101.6
Sub09,Session3,2.5-15,2nd_45min,69,79.8
Sub09,Session3,2.5-15,2nd_45min,78,72.8
Sub09,Session3,2.5-15,2nd_45min,87,65.8
Sub09,Session3,2.5-15,3rd_45min,105,69.4
Sub09,Session3,2.5-15,3rd_45min,114,60.6
Sub09,Session4,1.5-15,1st_45min,0,97.4
Sub09,Session4,1.5-15,1st_45min,9,95.2
Sub09,Session4,1.5-15,1st_45min,18,89.6
Sub09,Session4,1.5-15,1st_45min,27,84.2
Sub09,Session4,1.5-15,1st_45min,36,90.2
Sub09,Session4,1.5-15,1st_45min,45,74.4
Sub09,Session4,1.5-15,2nd_45min,60,99.6
Sub09,Session4,1.5-15,2nd_45min,69,72.8
Sub09,Session4,1.5-15,2nd_45min,78,75
Sub09,Session4,1.5-15,2nd_45min,87,87.2
Sub09,Session4,1.5-15,2nd_45min,96,75.8
Sub09,Session4,1.5-15,2nd_45min,105,90.4
Sub09,Session4,1.5-15,3rd_45min,120,66
Sub09,Session4,1.5-15,3rd_45min,129,78.8
Sub09,Session4,1.5-15,3rd_45min,138,69.4
Sub09,Session4,1.5-15,3rd_45min,145,55.6
Sub10,Session1,2.5-10,1st_45min,0,53.2
Sub10,Session1,2.5-10,1st_45min,9,40.4
Sub10,Session1,2.5-10,1st_45min,18,33.2
Sub10,Session1,2.5-10,1st_45min,27,32
Sub10,Session1,2.5-10,1st_45min,36,29.8
Sub10,Session1,2.5-10,1st_45min,45,35.2
Sub10,Session1,2.5-10,2nd_45min,60,39.4
Sub10,Session1,2.5-10,2nd_45min,69,37.4
Sub10,Session1,2.5-10,2nd_45min,78,39
Sub10,Session1,2.5-10,2nd_45min,87,33
Sub10,Session1,2.5-10,2nd_45min,96,33.8
Sub10,Session1,2.5-10,2nd_45min,105,30
Sub10,Session1,2.5-10,3rd_45min,120,36
Sub10,Session1,2.5-10,3rd_45min,129,38.4
Sub10,Session1,2.5-10,3rd_45min,138,33
Sub10,Session1,2.5-10,3rd_45min,147,33
Sub10,Session1,2.5-10,3rd_45min,156,34
Sub10,Session1,2.5-10,3rd_45min,165,30
Sub10,Session2,1.5-15,1st_45min,0,30.6
Sub10,Session2,1.5-15,1st_45min,9,39.6
Sub10,Session2,1.5-15,1st_45min,18,36.8
Sub10,Session2,1.5-15,1st_45min,27,38.2
Sub10,Session2,1.5-15,1st_45min,36,39.4
Sub10,Session2,1.5-15,1st_45min,45,34.4
Sub10,Session2,1.5-15,2nd_45min,60,36.2
Sub10,Session2,1.5-15,2nd_45min,69,40.6
Sub10,Session2,1.5-15,2nd_45min,78,43.8
Sub10,Session2,1.5-15,2nd_45min,87,32.6
Sub10,Session2,1.5-15,2nd_45min,96,42.4
Sub10,Session2,1.5-15,2nd_45min,105,40.6
Sub10,Session2,1.5-15,3rd_45min,120,37.2
Sub10,Session2,1.5-15,3rd_45min,129,41.4
Sub10,Session2,1.5-15,3rd_45min,138,39.2
Sub10,Session2,1.5-15,3rd_45min,147,41.6
Sub10,Session2,1.5-15,3rd_45min,156,37.4
Sub10,Session2,1.5-15,3rd_45min,165,33.6
Sub10,Session3,2.5-15,1st_45min,0,37.8
Sub10,Session3,2.5-15,1st_45min,9,37.2
Sub10,Session3,2.5-15,1st_45min,18,35.2
Sub10,Session3,2.5-15,1st_45min,27,34.2
Sub10,Session3,2.5-15,1st_45min,36,36.2
Sub10,Session3,2.5-15,1st_45min,45,34.2
Sub10,Session3,2.5-15,2nd_45min,60,33.4
Sub10,Session3,2.5-15,2nd_45min,69,34.6
Sub10,Session3,2.5-15,2nd_45min,78,32
Sub10,Session3,2.5-15,2nd_45min,87,35.6
Sub10,Session3,2.5-15,2nd_45min,96,31.2
Sub10,Session3,2.5-15,2nd_45min,105,29.6
Sub10,Session3,2.5-15,3rd_45min,120,31.4
Sub10,Session3,2.5-15,3rd_45min,129,31.2
Sub10,Session3,2.5-15,3rd_45min,138,32.2
Sub10,Session3,2.5-15,3rd_45min,147,31
Sub10,Session3,2.5-15,3rd_45min,156,33.6
Sub10,Session3,2.5-15,3rd_45min,165,28.6
Sub10,Session4,2.5-5,1st_45min,0,32.2
Sub10,Session4,2.5-5,1st_45min,9,35.4
Sub10,Session4,2.5-5,1st_45min,18,37
Sub10,Session4,2.5-5,1st_45min,27,35.4
Sub10,Session4,2.5-5,1st_45min,36,33.4
Sub10,Session4,2.5-5,1st_45min,45,33
Sub10,Session4,2.5-5,2nd_45min,60,37.6
Sub10,Session4,2.5-5,2nd_45min,69,33
Sub10,Session4,2.5-5,2nd_45min,78,39.6
Sub10,Session4,2.5-5,2nd_45min,87,34.2
Sub10,Session4,2.5-5,2nd_45min,96,32.8
Sub10,Session4,2.5-5,2nd_45min,105,29.8
Sub10,Session4,2.5-5,3rd_45min,120,35.2
Sub10,Session4,2.5-5,3rd_45min,129,34
Sub10,Session4,2.5-5,3rd_45min,138,30.2
Sub10,Session4,2.5-5,3rd_45min,147,30.8
Sub10,Session4,2.5-5,3rd_45min,156,30.2
Sub10,Session4,2.5-5,3rd_45min,165,27
Sub11,Session1,1.5-15,1st_45min,0,50.8
Sub11,Session1,1.5-15,1st_45min,9,48
Sub11,Session1,1.5-15,1st_45min,18,43.4
Sub11,Session1,1.5-15,1st_45min,27,44.4
Sub11,Session1,1.5-15,1st_45min,36,44.4
Sub11,Session1,1.5-15,1st_45min,45,40.6
Sub11,Session1,1.5-15,2nd_45min,60,43.8
Sub11,Session1,1.5-15,2nd_45min,69,40.4
Sub11,Session1,1.5-15,2nd_45min,78,41.2
Sub11,Session1,1.5-15,2nd_45min,87,42.8
Sub11,Session1,1.5-15,2nd_45min,96,42.4
Sub11,Session1,1.5-15,2nd_45min,105,38
Sub11,Session1,1.5-15,3rd_45min,120,41.8
Sub11,Session1,1.5-15,3rd_45min,129,39.2
Sub11,Session1,1.5-15,3rd_45min,138,42
Sub11,Session1,1.5-15,3rd_45min,147,39.2
Sub11,Session1,1.5-15,3rd_45min,156,32.6
Sub11,Session1,1.5-15,3rd_45min,165,36
Sub12,Session1,2.5-5,1st_45min,0,40.4
Sub12,Session1,2.5-5,1st_45min,9,66.4
Sub12,Session1,2.5-5,1st_45min,18,82
Sub12,Session1,2.5-5,1st_45min,27,78.6
Sub12,Session1,2.5-5,1st_45min,36,74.8
Sub12,Session1,2.5-5,1st_45min,45,78.8
Sub12,Session1,2.5-5,2nd_45min,60,64.8
Sub12,Session1,2.5-5,2nd_45min,69,72.8
Sub12,Session1,2.5-5,2nd_45min,78,69.4
Sub12,Session1,2.5-5,2nd_45min,87,72.2
Sub12,Session1,2.5-5,2nd_45min,96,67.8
Sub12,Session1,2.5-5,2nd_45min,105,77.8
Sub12,Session1,2.5-5,3rd_45min,120,59.4
Sub12,Session1,2.5-5,3rd_45min,129,71
Sub12,Session1,2.5-5,3rd_45min,138,65.6
Sub12,Session1,2.5-5,3rd_45min,147,64.8
Sub12,Session1,2.5-5,3rd_45min,156,68
Sub12,Session1,2.5-5,3rd_45min,165,61.2
Sub12,Session2,1.5-15,1st_45min,0,58
Sub12,Session2,1.5-15,1st_45min,9,49.8
Sub12,Session2,1.5-15,1st_45min,18,56.2
Sub12,Session2,1.5-15,1st_45min,27,68.8
Sub12,Session2,1.5-15,1st_45min,36,47.4
Sub12,Session2,1.5-15,1st_45min,45,48.2
Sub12,Session2,1.5-15,2nd_45min,60,48
Sub12,Session2,1.5-15,2nd_45min,69,61.8
Sub12,Session2,1.5-15,2nd_45min,78,59.4
Sub12,Session2,1.5-15,2nd_45min,87,66.6
Sub12,Session2,1.5-15,2nd_45min,96,65.4
Sub12,Session2,1.5-15,2nd_45min,105,54.2
Sub12,Session2,1.5-15,3rd_45min,120,52
Sub12,Session2,1.5-15,3rd_45min,129,55.6
Sub12,Session2,1.5-15,3rd_45min,138,70.2
Sub12,Session2,1.5-15,3rd_45min,147,63
Sub12,Session2,1.5-15,3rd_45min,156,69.2
Sub12,Session2,1.5-15,3rd_45min,165,62.4
Sub12,Session3,2.5-10,1st_45min,0,54.6
Sub12,Session3,2.5-10,1st_45min,9,58.6
Sub12,Session3,2.5-10,1st_45min,18,34.2
Sub12,Session3,2.5-10,1st_45min,27,33.4
Sub12,Session3,2.5-10,1st_45min,36,38
Sub12,Session3,2.5-10,1st_45min,45,79.2
Sub12,Session3,2.5-10,2nd_45min,60,35.6
Sub12,Session3,2.5-10,2nd_45min,69,79
Sub12,Session3,2.5-10,2nd_45min,78,52.4
Sub12,Session3,2.5-10,2nd_45min,87,83.8
Sub12,Session3,2.5-10,2nd_45min,96,87.8
Sub12,Session3,2.5-10,2nd_45min,105,86.6
Sub12,Session3,2.5-10,3rd_45min,120,88.6
Sub12,Session3,2.5-10,3rd_45min,129,85.6
Sub12,Session3,2.5-10,3rd_45min,138,83.2
Sub12,Session3,2.5-10,3rd_45min,147,84.8
Sub12,Session3,2.5-10,3rd_45min,156,81.2
Sub12,Session3,2.5-10,3rd_45min,165,84.2
Sub12,Session4,2.5-15,1st_45min,0,94.2
Sub12,Session4,2.5-15,1st_45min,9,89.4
Sub12,Session4,2.5-15,1st_45min,18,84.4
Sub12,Session4,2.5-15,1st_45min,27,88.6
Sub12,Session4,2.5-15,1st_45min,36,84.4
Sub12,Session4,2.5-15,1st_45min,45,85.4
Sub12,Session4,2.5-15,2nd_45min,60,92
Sub12,Session4,2.5-15,2nd_45min,69,87.6
Sub12,Session4,2.5-15,2nd_45min,78,85.8
Sub12,Session4,2.5-15,2nd_45min,87,84.8
Sub12,Session4,2.5-15,2nd_45min,96,84.6
Sub12,Session4,2.5-15,2nd_45min,105,87.4
Sub12,Session4,2.5-15,3rd_45min,120,91
Sub12,Session4,2.5-15,3rd_45min,129,85.4
Sub12,Session4,2.5-15,3rd_45min,138,85.8
Sub12,Session4,2.5-15,3rd_45min,147,87.2
Sub12,Session4,2.5-15,3rd_45min,156,86.2
Sub12,Session4,2.5-15,3rd_45min,165,90.8
Sub13,Session1,2.5-10,1st_45min,0,43.2
Sub13,Session1,2.5-10,1st_45min,9,32.6
Sub13,Session1,2.5-10,1st_45min,18,32
Sub13,Session1,2.5-10,1st_45min,28,30.8
Sub13,Session1,2.5-10,2nd_45min,43,25.8
Sub13,Session1,2.5-10,2nd_45min,52,32
Sub13,Session1,2.5-10,2nd_45min,61,26.8
Sub13,Session1,2.5-10,2nd_45min,70,20.2
Sub13,Session1,2.5-10,2nd_45min,73,25.6
Sub13,Session1,2.5-10,3rd_45min,88,30.4
Sub13,Session1,2.5-10,3rd_45min,97,30.6
Sub13,Session1,2.5-10,3rd_45min,106,24.6
Sub13,Session1,2.5-10,3rd_45min,115,25
Sub13,Session1,2.5-10,3rd_45min,118,21.8
Sub13,Session2,2.5-5,1st_45min,0,43.4
Sub13,Session2,2.5-5,1st_45min,9,43.2
Sub13,Session2,2.5-5,1st_45min,18,35.8
Sub13,Session2,2.5-5,1st_45min,27,30.6
Sub13,Session2,2.5-5,1st_45min,36,26.6
Sub13,Session2,2.5-5,1st_45min,38,24.4
Sub13,Session2,2.5-5,2nd_45min,55,31.6
Sub13,Session2,2.5-5,2nd_45min,64,35.8
Sub13,Session2,2.5-5,2nd_45min,73,38
Sub13,Session2,2.5-5,2nd_45min,82,33.2
Sub13,Session2,2.5-5,2nd_45min,91,23.6
Sub13,Session2,2.5-5,2nd_45min,95,22.2
Sub13,Session2,2.5-5,3rd_45min,112,32.2
Sub13,Session2,2.5-5,3rd_45min,121,34
Sub13,Session2,2.5-5,3rd_45min,130,32.6
Sub13,Session2,2.5-5,3rd_45min,139,29.6
Sub13,Session2,2.5-5,3rd_45min,144,22.2
Sub13,Session3,1.5-15,1st_45min,0,38.2
Sub13,Session3,1.5-15,1st_45min,9,30.6
Sub13,Session3,1.5-15,1st_45min,18,26.8
Sub13,Session3,1.5-15,1st_45min,27,22
Sub13,Session3,1.5-15,1st_45min,32,19.6
Sub13,Session3,1.5-15,2nd_45min,47,33.4
Sub13,Session3,1.5-15,2nd_45min,56,24.4
Sub13,Session3,1.5-15,2nd_45min,65,31.2
Sub13,Session3,1.5-15,2nd_45min,74,18.2
Sub13,Session3,1.5-15,2nd_45min,82,18.8
Sub13,Session3,1.5-15,3rd_45min,97,26
Sub13,Session3,1.5-15,3rd_45min,106,20.6
Sub13,Session3,1.5-15,3rd_45min,115,19.8
Sub13,Session3,1.5-15,3rd_45min,120,23
Sub13,Session4,2.5-15,1st_45min,0,39.8
Sub13,Session4,2.5-15,1st_45min,9,30.2
Sub13,Session4,2.5-15,1st_45min,18,21.8
Sub13,Session4,2.5-15,1st_45min,27,21.8
Sub13,Session4,2.5-15,1st_45min,28,20.6
Sub13,Session4,2.5-15,2nd_45min,43,30.2
Sub13,Session4,2.5-15,2nd_45min,52,26.2
Sub13,Session4,2.5-15,2nd_45min,61,18.4
Sub13,Session4,2.5-15,2nd_45min,70,22.6
Sub13,Session4,2.5-15,2nd_45min,74,18
Sub13,Session4,2.5-15,3rd_45min,89,30.8
Sub13,Session4,2.5-15,3rd_45min,98,23.6
Sub13,Session4,2.5-15,3rd_45min,107,23.6
Sub13,Session4,2.5-15,3rd_45min,116,14.8
Sub14,Session1,2.5-5,1st_45min,0,77
Sub14,Session1,2.5-5,1st_45min,9,96
Sub14,Session1,2.5-5,1st_45min,18,74.6
Sub14,Session1,2.5-5,1st_45min,27,83.4
Sub14,Session1,2.5-5,1st_45min,36,75.2
Sub14,Session1,2.5-5,1st_45min,45,74.4
Sub14,Session1,2.5-5,2nd_45min,60,75
Sub14,Session1,2.5-5,2nd_45min,69,87.4
Sub14,Session1,2.5-5,2nd_45min,78,78.2
Sub14,Session1,2.5-5,2nd_45min,87,73.4
Sub14,Session1,2.5-5,2nd_45min,96,80.4
Sub14,Session1,2.5-5,2nd_45min,105,76.8
Sub14,Session1,2.5-5,3rd_45min,120,80.4
Sub14,Session1,2.5-5,3rd_45min,129,77.6
Sub14,Session1,2.5-5,3rd_45min,138,74.6
Sub14,Session1,2.5-5,3rd_45min,147,75
Sub14,Session1,2.5-5,3rd_45min,156,74.8
Sub14,Session1,2.5-5,3rd_45min,165,75.2
Sub14,Session2,2.5-10,1st_45min,0,82.2
Sub14,Session2,2.5-10,1st_45min,9,83.8
Sub14,Session2,2.5-10,1st_45min,18,77.8
Sub14,Session2,2.5-10,1st_45min,27,82.8
Sub14,Session2,2.5-10,1st_45min,36,80
Sub14,Session2,2.5-10,1st_45min,45,83
Sub14,Session2,2.5-10,2nd_45min,60,85
Sub14,Session2,2.5-10,2nd_45min,69,79
Sub14,Session2,2.5-10,2nd_45min,78,80.4
Sub14,Session2,2.5-10,2nd_45min,87,76.4
Sub14,Session2,2.5-10,2nd_45min,96,83.2
Sub14,Session2,2.5-10,2nd_45min,105,80.4
Sub14,Session2,2.5-10,3rd_45min,120,83.8
Sub14,Session2,2.5-10,3rd_45min,129,75.4
Sub14,Session2,2.5-10,3rd_45min,138,82.2
Sub14,Session2,2.5-10,3rd_45min,147,78
Sub14,Session2,2.5-10,3rd_45min,156,80
Sub14,Session2,2.5-10,3rd_45min,165,78.6
Sub15,Session1,1.5-15,1st_45min,0,48.4
Sub15,Session1,1.5-15,1st_45min,9,56.2
Sub15,Session1,1.5-15,1st_45min,18,55.4
Sub15,Session1,1.5-15,1st_45min,27,56
Sub15,Session1,1.5-15,1st_45min,36,49.2
Sub15,Session1,1.5-15,1st_45min,45,44.8
Sub15,Session1,1.5-15,2nd_45min,60,50.2
Sub15,Session1,1.5-15,2nd_45min,69,48.8
Sub15,Session1,1.5-15,2nd_45min,78,48.6
Sub15,Session1,1.5-15,2nd_45min,87,40.6
Sub15,Session1,1.5-15,2nd_45min,96,41.6
Sub15,Session1,1.5-15,2nd_45min,100,33
Sub15,Session1,1.5-15,3rd_45min,115,38.8
Sub15,Session1,1.5-15,3rd_45min,124,34.6
Sub15,Session1,1.5-15,3rd_45min,133,37.4
Sub15,Session1,1.5-15,3rd_45min,142,41.4
Sub15,Session1,1.5-15,3rd_45min,151,28.6
Sub15,Session1,1.5-15,3rd_45min,155,30.6
Sub15,Session2,2.5-10,1st_45min,0,51
Sub15,Session2,2.5-10,1st_45min,9,49.8
Sub15,Session2,2.5-10,1st_45min,18,49.2
Sub15,Session2,2.5-10,1st_45min,27,39.4
Sub15,Session2,2.5-10,1st_45min,36,40.6
Sub15,Session2,2.5-10,1st_45min,45,40.2
Sub15,Session2,2.5-10,2nd_45min,60,37
Sub15,Session2,2.5-10,2nd_45min,69,43.2
Sub15,Session2,2.5-10,2nd_45min,78,38.8
Sub15,Session2,2.5-10,2nd_45min,87,33
Sub15,Session2,2.5-10,2nd_45min,96,33
Sub15,Session2,2.5-10,2nd_45min,105,32.6
Sub15,Session2,2.5-10,3rd_45min,120,31.4
Sub15,Session2,2.5-10,3rd_45min,129,37.2
Sub15,Session2,2.5-10,3rd_45min,138,35.4
Sub15,Session2,2.5-10,3rd_45min,143,25
Sub15,Session3,2.5-15,1st_45min,0,46.8
Sub15,Session3,2.5-15,1st_45min,9,41.6
Sub15,Session3,2.5-15,1st_45min,18,46.2
Sub15,Session3,2.5-15,1st_45min,27,41.4
Sub15,Session3,2.5-15,1st_45min,36,40.8
Sub15,Session3,2.5-15,1st_45min,45,38.4
Sub15,Session3,2.5-15,2nd_45min,60,43.2
Sub15,Session3,2.5-15,2nd_45min,69,46
Sub15,Session3,2.5-15,2nd_45min,78,43.6
Sub15,Session3,2.5-15,2nd_45min,87,42.4
Sub15,Session3,2.5-15,2nd_45min,96,44
Sub15,Session3,2.5-15,2nd_45min,105,39.8
Sub15,Session3,2.5-15,3rd_45min,120,37.6
Sub15,Session3,2.5-15,3rd_45min,129,39.2
Sub15,Session3,2.5-15,3rd_45min,138,37.4
Sub15,Session4,2.5-5,1st_45min,0,44.6
Sub15,Session4,2.5-5,1st_45min,9,39.4
Sub15,Session4,2.5-5,1st_45min,18,32.6
Sub15,Session4,2.5-5,1st_45min,27,30.6
Sub15,Session4,2.5-5,1st_45min,30,36.4
Sub15,Session4,2.5-5,2nd_45min,45,36.8
Sub15,Session4,2.5-5,2nd_45min,54,33.8
Sub15,Session4,2.5-5,2nd_45min,63,31
Sub15,Session4,2.5-5,3rd_45min,78,36.8
Sub15,Session4,2.5-5,3rd_45min,87,29
Sub15,Session4,2.5-5,3rd_45min,96,26.4
Sub16,Session1,2.5-15,1st_45min,0,78.8
Sub16,Session1,2.5-15,1st_45min,9,62.6
Sub16,Session1,2.5-15,1st_45min,18,61.4
Sub16,Session1,2.5-15,1st_45min,20,56.6
Sub16,Session1,2.5-15,2nd_45min,35,69.8
Sub16,Session1,2.5-15,2nd_45min,44,60
Sub16,Session1,2.5-15,2nd_45min,53,58.8
Sub16,Session1,2.5-15,2nd_45min,55,57
Sub16,Session1,2.5-15,3rd_45min,70,60
Sub16,Session1,2.5-15,3rd_45min,79,74.8
Sub16,Session1,2.5-15,3rd_45min,86,81.2
Sub16,Session2,1.5-15,1st_45min,0,79
Sub16,Session2,1.5-15,1st_45min,9,78.2
Sub16,Session2,1.5-15,1st_45min,18,53.2
Sub16,Session2,1.5-15,1st_45min,27,48.6
Sub16,Session2,1.5-15,1st_45min,36,63.4
Sub16,Session2,1.5-15,1st_45min,45,46
Sub16,Session2,1.5-15,2nd_45min,60,58.6
Sub16,Session2,1.5-15,2nd_45min,69,45.4
Sub16,Session2,1.5-15,2nd_45min,78,57.2
Sub16,Session2,1.5-15,2nd_45min,87,48.8
Sub16,Session2,1.5-15,2nd_45min,95,49.8
Sub16,Session2,1.5-15,3rd_45min,110,48.2
Sub16,Session2,1.5-15,3rd_45min,119,51.6
Sub16,Session2,1.5-15,3rd_45min,128,41.8
Sub16,Session3,2.5-5,1st_45min,0,77.4
Sub16,Session3,2.5-5,1st_45min,9,77.8
Sub16,Session3,2.5-5,1st_45min,18,79.4
Sub16,Session3,2.5-5,1st_45min,27,77.2
Sub16,Session3,2.5-5,1st_45min,36,70
Sub16,Session3,2.5-5,1st_45min,45,71
Sub16,Session3,2.5-5,2nd_45min,60,61.2
Sub16,Session3,2.5-5,2nd_45min,69,69
Sub16,Session3,2.5-5,2nd_45min,78,61.4
Sub16,Session3,2.5-5,2nd_45min,87,60.2
Sub16,Session3,2.5-5,2nd_45min,96,68.2
Sub16,Session3,2.5-5,2nd_45min,100,73.4
Sub16,Session3,2.5-5,3rd_45min,115,60.8
Sub16,Session3,2.5-5,3rd_45min,124,70.2
Sub16,Session3,2.5-5,3rd_45min,133,62.8
Sub16,Session3,2.5-5,3rd_45min,140,57.8
Sub16,Session4,2.5-10,1st_45min,0,64.2
Sub16,Session4,2.5-10,1st_45min,9,72.8
Sub16,Session4,2.5-10,1st_45min,18,60.6
Sub16,Session4,2.5-10,1st_45min,27,56
Sub16,Session4,2.5-10,1st_45min,36,63.4
Sub16,Session4,2.5-10,1st_45min,38,57
Sub16,Session4,2.5-10,2nd_45min,53,62.6
Sub16,Session4,2.5-10,2nd_45min,62,50.6
Sub16,Session4,2.5-10,2nd_45min,71,51.6
Sub16,Session4,2.5-10,2nd_45min,73,55
Sub16,Session4,2.5-10,3rd_45min,88,70
Sub16,Session4,2.5-10,3rd_45min,97,56
Sub16,Session4,2.5-10,3rd_45min,106,57.4
Sub16,Session4,2.5-10,3rd_45min,108,55.2
Sub17,Session1,2.5-10,1st_45min,0,98.6
Sub17,Session1,2.5-10,1st_45min,9,99
Sub17,Session1,2.5-10,1st_45min,18,85
Sub17,Session1,2.5-10,1st_45min,27,85.2
Sub17,Session1,2.5-10,1st_45min,36,94.6
Sub17,Session1,2.5-10,1st_45min,45,85.6
Sub17,Session1,2.5-10,2nd_45min,60,82
Sub17,Session1,2.5-10,2nd_45min,69,85
Sub17,Session1,2.5-10,2nd_45min,78,73
Sub17,Session1,2.5-10,2nd_45min,87,74.6
Sub17,Session1,2.5-10,2nd_45min,96,96.4
Sub17,Session1,2.5-10,2nd_45min,105,91.2
Sub17,Session1,2.5-10,3rd_45min,120,65.8
Sub17,Session1,2.5-10,3rd_45min,129,71
Sub17,Session1,2.5-10,3rd_45min,138,60.4
Sub17,Session1,2.5-10,3rd_45min,147,50.6
Sub17,Session1,2.5-10,3rd_45min,156,47.2
Sub17,Session1,2.5-10,3rd_45min,165,50.6
Sub17,Session2,1.5-15,1st_45min,0,88.4
Sub17,Session2,1.5-15,1st_45min,9,84
Sub17,Session2,1.5-15,1st_45min,18,74.4
Sub17,Session2,1.5-15,1st_45min,27,56.2
Sub17,Session2,1.5-15,1st_45min,36,55.2
Sub17,Session2,1.5-15,1st_45min,45,70
Sub17,Session2,1.5-15,2nd_45min,60,65.4
Sub17,Session2,1.5-15,2nd_45min,69,52
Sub17,Session2,1.5-15,2nd_45min,78,54.4
Sub17,Session2,1.5-15,2nd_45min,87,41.8
Sub17,Session2,1.5-15,2nd_45min,96,46.6
Sub17,Session2,1.5-15,2nd_45min,105,53.8
Sub17,Session2,1.5-15,3rd_45min,120,41.4
Sub17,Session2,1.5-15,3rd_45min,129,40.8
Sub17,Session2,1.5-15,3rd_45min,138,54
Sub17,Session2,1.5-15,3rd_45min,147,54.2
Sub17,Session2,1.5-15,3rd_45min,156,41.6
Sub17,Session2,1.5-15,3rd_45min,165,42.8
Sub17,Session3,2.5-5,1st_45min,0,76.8
Sub17,Session3,2.5-5,1st_45min,9,73.8
Sub17,Session3,2.5-5,1st_45min,18,70.4
Sub17,Session3,2.5-5,1st_45min,27,69.6
Sub17,Session3,2.5-5,1st_45min,36,73.4
Sub17,Session3,2.5-5,1st_45min,45,65.8
Sub17,Session3,2.5-5,2nd_45min,60,53
Sub17,Session3,2.5-5,2nd_45min,69,63.6
Sub17,Session3,2.5-5,2nd_45min,78,59.4
Sub17,Session3,2.5-5,2nd_45min,87,45.2
Sub17,Session3,2.5-5,2nd_45min,96,61.4
Sub17,Session3,2.5-5,2nd_45min,105,60.6
Sub17,Session3,2.5-5,3rd_45min,120,62.6
Sub17,Session3,2.5-5,3rd_45min,129,66.6
Sub17,Session3,2.5-5,3rd_45min,138,78.8
Sub17,Session3,2.5-5,3rd_45min,147,84.2
Sub17,Session3,2.5-5,3rd_45min,156,66.2
Sub17,Session3,2.5-5,3rd_45min,165,74.4
Sub17,Session4,2.5-15,1st_45min,0,68.4
Sub17,Session4,2.5-15,1st_45min,9,73.4
Sub17,Session4,2.5-15,1st_45min,18,71
Sub17,Session4,2.5-15,1st_45min,27,75.6
Sub17,Session4,2.5-15,1st_45min,36,69.8
Sub17,Session4,2.5-15,1st_45min,45,77.6
Sub17,Session4,2.5-15,2nd_45min,60,61.8
Sub17,Session4,2.5-15,2nd_45min,69,72.8
Sub17,Session4,2.5-15,2nd_45min,78,60.8
Sub17,Session4,2.5-15,2nd_45min,87,61
Sub17,Session4,2.5-15,2nd_45min,96,56.8
Sub17,Session4,2.5-15,2nd_45min,105,51.4
Sub17,Session4,2.5-15,3rd_45min,120,45.4
Sub17,Session4,2.5-15,3rd_45min,129,44.4
Sub17,Session4,2.5-15,3rd_45min,138,50.2